epoch,split,energy_mean
1,train,2895.436819502603
1,validation,933.3413696289062
2,train,176206.2179755211
2,validation,669.5541381835938
3,train,2262.3572523029147
3,validation,1679.6690673828125
4,train,935.0465482080624
4,validation,426.64166259765625
5,train,2221.4505926279408
5,validation,1936.848388671875
0,test,5495.703125
