{
  "total_train_sec": 15046.496251106262,
  "avg_step_sec": 3.0411407629782734
}