epoch,split,energy_mean
1,train,14016.042642984237
1,validation,977.2493896484375
2,train,859.8268374250066
2,validation,904.8875122070312
3,train,8530.382888196196
3,validation,502.9442443847656
4,train,3017.13925663938
4,validation,634.0147094726562
5,train,2391.637252287906
5,validation,753.7211303710938
0,test,1843.4102783203125
