{
  "total_train_sec": 18688.332983970642,
  "avg_step_sec": 3.4385472903561154
}