{
  "total_train_sec": 16960.780433177948,
  "avg_step_sec": 0.8810837808932659
}