{
  "total_train_sec": 16885.60094809532,
  "avg_step_sec": 0.8774453836282343
}