{
  "total_train_sec": 16870.518767118454,
  "avg_step_sec": 0.8761893994941199
}