epoch,split,energy_mean
1,train,695.6885815962564
1,validation,139.15884399414062
2,train,300.5953703271358
2,validation,97.32479858398438
3,train,264.1647912065981
3,validation,59.23264694213867
4,train,235.380865781692
4,validation,26.209482192993164
5,train,229.6301257925779
5,validation,45.5499153137207
0,test,147.52069091796875
