{
  "total_train_sec": 3509.11909198761,
  "avg_step_sec": 0.6997798377609679
}