epoch,split,energy_mean
1,train,695.7143895347191
1,validation,162.20657348632812
2,train,307.0994292505462
2,validation,105.03593444824219
3,train,266.737469693044
3,validation,62.1121940612793
4,train,235.45224400841383
4,validation,37.53483963012695
5,train,237.97105081359797
5,validation,23.03712272644043
0,test,54.95049285888672
