{
  "total_train_sec": 3294.355013847351,
  "avg_step_sec": 0.6563571767831223
}