conflict,acc_baseline_mean,acc_baseline_std,acc_fif_mean,acc_fif_std,fif_energy_mean,fif_energy_std
0.0,0.444140625,0.07284501688087526,0.444921875,0.08343662218639367,0.01860378757119179,0.002380651709938637
0.2,0.439453125,0.07414675784698041,0.440234375,0.08660606417314264,1.3905497074127198,0.10648079079278726
0.4,0.440625,0.06834932961906064,0.4453125,0.07849521656405249,2.6909188270568847,0.16111639858756438
0.6,0.44609375,0.06371619431485806,0.452734375,0.06958609143423526,3.972786855697632,0.16459451022886207
0.8,0.44375,0.06738026489749242,0.460546875,0.07576916785127707,5.23083610534668,0.25757570944489977
1.0,0.45703125,0.06393613680731539,0.46796875,0.0718219063410931,6.573151588439941,0.4741236063538165
