epoch,split,energy_mean
1,train,8425.956927035144
1,validation,870.7590942382812
2,train,794.7930997621381
2,validation,851.9132690429688
3,train,5517.13659827054
3,validation,3254.9921875
4,train,41630.06692557691
4,validation,25355.7421875
5,train,11887.062143282632
5,validation,574.2852172851562
0,test,1495.77978515625
