{
  "total_train_sec": 14890.126114606857,
  "avg_step_sec": 3.0089307244715164
}