epoch,split,energy_mean
1,train,695.599177847819
1,validation,122.62997436523438
2,train,296.6199974835157
2,validation,54.444915771484375
3,train,250.53311040008356
3,validation,35.61162185668945
4,train,226.0182611861342
4,validation,30.663530349731445
5,train,222.98789559295815
5,validation,28.87841033935547
0,test,77.75289916992188
