{
  "total_train_sec": 3504.3751499652863,
  "avg_step_sec": 0.7000266061860746
}